customer_id,plan,country,monthly_spend,orders,last_seen,marketing_opt_in
C-0001,Starter,DE,,0,2026-06-01T12:00:00Z,false
C-0002,Pro,DE,39,1,2026-06-02T12:00:00Z,true
C-0003,Team,DE,49,2,2026-06-03T12:00:00Z,true
C-0004,Starter,DE,59,3,2026-06-04T12:00:00Z,false
C-0005,Pro,DE,69,4,2026-06-05T12:00:00Z,true
C-0006,Team,DE,79,5,2026-06-06T12:00:00Z,true
C-0007,Starter,NL,89,6,2026-06-07T12:00:00Z,false
C-0008,Pro,NL,99,7,2026-06-08T12:00:00Z,true
C-0009,Team,FR,109,8,2026-06-09T12:00:00Z,true
C-0010,Starter,BE,119,9,2026-06-10T12:00:00Z,false
C-0011,Pro,DE,129,10,2026-06-11T12:00:00Z,true
C-0012,Team,DE,139,11,2026-06-12T12:00:00Z,true
C-0013,Starter,DE,29,12,2026-06-13T12:00:00Z,false
C-0014,Pro,DE,39,13,2026-06-14T12:00:00Z,true
C-0015,Team,DE,49,14,2026-06-15T12:00:00Z,true
C-0016,Starter,DE,59,15,2026-06-16T12:00:00Z,false
C-0017,Pro,NL,69,16,2026-06-17T12:00:00Z,true
C-0018,Team,NL,79,17,2026-06-18T12:00:00Z,true
C-0019,Starter,FR,89,18,2026-06-19T12:00:00Z,false
C-0020,Pro,BE,99,19,2026-06-20T12:00:00Z,true
C-0021,Team,DE,109,20,2026-06-21T12:00:00Z,true
C-0022,Starter,DE,119,21,2026-06-22T12:00:00Z,false
C-0023,Pro,DE,129,22,2026-06-23T12:00:00Z,true
C-0024,Team,DE,139,23,2026-06-24T12:00:00Z,true
C-0025,Starter,DE,29,24,2026-06-25T12:00:00Z,false
C-0026,Pro,DE,39,25,2026-06-26T12:00:00Z,true
C-0027,Team,NL,49,26,2026-06-27T12:00:00Z,true
C-0028,Starter,NL,59,27,2026-06-28T12:00:00Z,false
C-0029,Pro,FR,69,0,2026-06-01T12:00:00Z,true
C-0030,Team,BE,79,1,2026-06-02T12:00:00Z,true
C-0031,Starter,DE,89,2,2026-06-03T12:00:00Z,false
C-0032,Pro,DE,99,3,2026-06-04T12:00:00Z,true
C-0033,Team,DE,109,4,2026-06-05T12:00:00Z,true
C-0034,Starter,DE,119,5,2026-06-06T12:00:00Z,false
C-0035,Pro,DE,129,6,2026-06-07T12:00:00Z,true
C-0036,Team,DE,139,7,2026-06-08T12:00:00Z,true
C-0037,Starter,NL,29,8,2026-06-09T12:00:00Z,false
C-0038,Pro,NL,39,9,2026-06-10T12:00:00Z,true
C-0039,Team,FR,49,10,2026-06-11T12:00:00Z,true
C-0040,Starter,BE,59,11,2026-06-12T12:00:00Z,false
C-0041,Pro,DE,,12,2026-06-13T12:00:00Z,true
C-0042,Team,DE,79,13,2026-06-14T12:00:00Z,true
C-0043,Starter,DE,89,14,2026-06-15T12:00:00Z,false
C-0044,Pro,DE,99,15,2026-06-16T12:00:00Z,true
C-0045,Team,DE,109,16,2026-06-17T12:00:00Z,true
C-0046,Starter,DE,119,17,2026-06-18T12:00:00Z,false
C-0047,Pro,NL,129,18,2026-06-19T12:00:00Z,true
C-0048,Team,NL,139,19,2026-06-20T12:00:00Z,true
C-0049,Starter,FR,29,20,2026-06-21T12:00:00Z,false
C-0050,Pro,BE,39,21,2026-06-22T12:00:00Z,true
C-0051,Team,DE,49,22,2026-06-23T12:00:00Z,true
C-0052,Starter,DE,59,23,2026-06-24T12:00:00Z,false
C-0053,Pro,DE,69,24,2026-06-25T12:00:00Z,true
C-0054,Team,DE,79,25,2026-06-26T12:00:00Z,true
C-0055,Starter,DE,89,26,2026-06-27T12:00:00Z,false
C-0056,Pro,DE,99,27,2026-06-28T12:00:00Z,true
C-0057,Team,NL,109,0,2026-06-01T12:00:00Z,true
C-0058,Starter,NL,119,1,2026-06-02T12:00:00Z,false
C-0059,Pro,FR,129,2,2026-06-03T12:00:00Z,true
C-0060,Team,BE,139,3,2026-06-04T12:00:00Z,true
C-0061,Starter,DE,29,4,2026-06-05T12:00:00Z,false
C-0062,Pro,DE,39,5,2026-06-06T12:00:00Z,true
C-0063,Team,DE,49,6,2026-06-07T12:00:00Z,true
C-0064,Starter,DE,59,7,2026-06-08T12:00:00Z,false
C-0065,Pro,DE,69,8,2026-06-09T12:00:00Z,true
C-0066,Team,DE,79,9,2026-06-10T12:00:00Z,true
C-0067,Starter,NL,89,10,2026-06-11T12:00:00Z,false
C-0068,Pro,NL,99,11,2026-06-12T12:00:00Z,true
C-0069,Team,FR,109,12,2026-06-13T12:00:00Z,true
C-0070,Starter,BE,119,13,2026-06-14T12:00:00Z,false
C-0071,Pro,DE,129,14,2026-06-15T12:00:00Z,true
C-0072,Team,DE,139,15,2026-06-16T12:00:00Z,true
C-0073,Starter,DE,29,16,2026-06-17T12:00:00Z,false
C-0074,Pro,DE,39,17,2026-06-18T12:00:00Z,true
C-0075,Team,DE,49,18,2026-06-19T12:00:00Z,true
C-0076,Starter,DE,59,19,2026-06-20T12:00:00Z,false
C-0077,Pro,NL,69,20,2026-06-21T12:00:00Z,true
C-0078,Team,NL,79,21,2026-06-22T12:00:00Z,true
C-0079,Starter,FR,89,22,2026-06-23T12:00:00Z,false
C-0080,Pro,BE,99,23,2026-06-24T12:00:00Z,true
C-0081,Team,DE,,24,2026-06-25T12:00:00Z,true
C-0082,Starter,DE,119,25,2026-06-26T12:00:00Z,false
C-0083,Pro,DE,129,26,2026-06-27T12:00:00Z,true
C-0084,Team,DE,139,27,2026-06-28T12:00:00Z,true
C-0085,Starter,DE,29,0,2026-06-01T12:00:00Z,false
C-0086,Pro,DE,39,1,2026-06-02T12:00:00Z,true
C-0087,Team,NL,49,2,2026-06-03T12:00:00Z,true
C-0088,Starter,NL,59,3,2026-06-04T12:00:00Z,false
C-0089,Pro,FR,69,4,2026-06-05T12:00:00Z,true
C-0090,Team,BE,79,5,2026-06-06T12:00:00Z,true
C-0091,Starter,DE,89,6,2026-06-07T12:00:00Z,false
C-0092,Pro,DE,99,7,2026-06-08T12:00:00Z,true
C-0093,Team,DE,109,8,2026-06-09T12:00:00Z,true
C-0094,Starter,DE,119,9,2026-06-10T12:00:00Z,false
C-0095,Pro,DE,129,10,2026-06-11T12:00:00Z,true
C-0096,Team,DE,139,11,2026-06-12T12:00:00Z,true
C-0097,Starter,NL,29,12,2026-06-13T12:00:00Z,false
C-0098,Pro,NL,39,13,2026-06-14T12:00:00Z,true
C-0099,Team,FR,49,14,2026-06-15T12:00:00Z,true
C-0100,Starter,BE,59,15,2026-06-16T12:00:00Z,false
C-0101,Pro,DE,69,16,2026-06-17T12:00:00Z,true
C-0102,Team,DE,79,17,2026-06-18T12:00:00Z,true
C-0103,Starter,DE,89,18,2026-06-19T12:00:00Z,false
C-0104,Pro,DE,99,19,2026-06-20T12:00:00Z,true
C-0105,Team,DE,109,20,2026-06-21T12:00:00Z,true
C-0106,Starter,DE,119,21,2026-06-22T12:00:00Z,false
C-0107,Pro,NL,129,22,2026-06-23T12:00:00Z,true
C-0108,Team,NL,139,23,2026-06-24T12:00:00Z,true
C-0109,Starter,FR,29,24,2026-06-25T12:00:00Z,false
C-0110,Pro,BE,39,25,2026-06-26T12:00:00Z,true
C-0111,Team,DE,49,26,2026-06-27T12:00:00Z,true
C-0112,Starter,DE,59,27,2026-06-28T12:00:00Z,false
C-0113,Pro,DE,69,0,2026-06-01T12:00:00Z,true
C-0114,Team,DE,79,1,2026-06-02T12:00:00Z,true
C-0115,Starter,DE,89,2,2026-06-03T12:00:00Z,false
C-0116,Pro,DE,99,3,2026-06-04T12:00:00Z,true
C-0117,Team,NL,109,4,2026-06-05T12:00:00Z,true
C-0118,Starter,NL,119,5,2026-06-06T12:00:00Z,false
C-0119,Pro,FR,129,6,2026-06-07T12:00:00Z,true
C-0120,Team,BE,139,7,2026-06-08T12:00:00Z,true
C-0121,Starter,DE,,8,2026-06-09T12:00:00Z,false
C-0122,Pro,DE,39,9,2026-06-10T12:00:00Z,true
C-0123,Team,DE,49,10,2026-06-11T12:00:00Z,true
C-0124,Starter,DE,59,11,2026-06-12T12:00:00Z,false
C-0125,Pro,DE,69,12,2026-06-13T12:00:00Z,true
C-0126,Team,DE,79,13,2026-06-14T12:00:00Z,true
C-0127,Starter,NL,89,14,2026-06-15T12:00:00Z,false
C-0128,Pro,NL,99,15,2026-06-16T12:00:00Z,true
C-0129,Team,FR,109,16,2026-06-17T12:00:00Z,true
C-0130,Starter,BE,119,17,2026-06-18T12:00:00Z,false
C-0131,Pro,DE,129,18,2026-06-19T12:00:00Z,true
C-0132,Team,DE,139,19,2026-06-20T12:00:00Z,true
C-0133,Starter,DE,29,20,2026-06-21T12:00:00Z,false
C-0134,Pro,DE,39,21,2026-06-22T12:00:00Z,true
C-0135,Team,DE,49,22,2026-06-23T12:00:00Z,true
C-0136,Starter,DE,59,23,2026-06-24T12:00:00Z,false
C-0137,Pro,NL,69,24,2026-06-25T12:00:00Z,true
C-0138,Team,NL,79,25,2026-06-26T12:00:00Z,true
C-0139,Starter,FR,89,26,2026-06-27T12:00:00Z,false
C-0140,Pro,BE,99,27,2026-06-28T12:00:00Z,true
C-0141,Team,DE,109,0,2026-06-01T12:00:00Z,true
C-0142,Starter,DE,119,1,2026-06-02T12:00:00Z,false
C-0143,Pro,DE,129,2,2026-06-03T12:00:00Z,true
C-0144,Team,DE,139,3,2026-06-04T12:00:00Z,true
C-0145,Starter,DE,29,4,2026-06-05T12:00:00Z,false
C-0146,Pro,DE,39,5,2026-06-06T12:00:00Z,true
C-0147,Team,NL,49,6,2026-06-07T12:00:00Z,true
C-0148,Starter,NL,59,7,2026-06-08T12:00:00Z,false
C-0149,Pro,FR,69,8,2026-06-09T12:00:00Z,true
C-0150,Team,BE,79,9,2026-06-10T12:00:00Z,true
C-0151,Starter,DE,89,10,2026-06-11T12:00:00Z,false
C-0152,Pro,DE,99,11,2026-06-12T12:00:00Z,true
C-0153,Team,DE,109,12,2026-06-13T12:00:00Z,true
C-0154,Starter,DE,119,13,2026-06-14T12:00:00Z,false
C-0155,Pro,DE,129,14,2026-06-15T12:00:00Z,true
C-0156,Team,DE,139,15,2026-06-16T12:00:00Z,true
C-0157,Starter,NL,29,16,2026-06-17T12:00:00Z,false
C-0158,Pro,NL,39,17,2026-06-18T12:00:00Z,true
C-0159,Team,FR,49,18,2026-06-19T12:00:00Z,true
C-0160,Starter,BE,59,19,2026-06-20T12:00:00Z,false
C-0161,Pro,DE,,20,2026-06-21T12:00:00Z,true
C-0162,Team,DE,79,21,2026-06-22T12:00:00Z,true
C-0163,Starter,DE,89,22,2026-06-23T12:00:00Z,false
C-0164,Pro,DE,99,23,2026-06-24T12:00:00Z,true
C-0165,Team,DE,109,24,2026-06-25T12:00:00Z,true
C-0166,Starter,DE,119,25,2026-06-26T12:00:00Z,false
C-0167,Pro,NL,129,26,2026-06-27T12:00:00Z,true
C-0168,Team,NL,139,27,2026-06-28T12:00:00Z,true
C-0169,Starter,FR,29,0,2026-06-01T12:00:00Z,false
C-0170,Pro,BE,39,1,2026-06-02T12:00:00Z,true
C-0171,Team,DE,49,2,2026-06-03T12:00:00Z,true
C-0172,Starter,DE,59,3,2026-06-04T12:00:00Z,false
C-0173,Pro,DE,69,4,2026-06-05T12:00:00Z,true
C-0174,Team,DE,79,5,2026-06-06T12:00:00Z,true
C-0175,Starter,DE,89,6,2026-06-07T12:00:00Z,false
C-0176,Pro,DE,99,7,2026-06-08T12:00:00Z,true
C-0177,Team,NL,109,8,2026-06-09T12:00:00Z,true
C-0178,Starter,NL,119,9,2026-06-10T12:00:00Z,false
C-0179,Pro,FR,129,10,2026-06-11T12:00:00Z,true
C-0180,Team,BE,139,11,2026-06-12T12:00:00Z,true
C-0181,Starter,DE,29,12,2026-06-13T12:00:00Z,false
C-0182,Pro,DE,39,13,2026-06-14T12:00:00Z,true
C-0183,Team,DE,49,14,2026-06-15T12:00:00Z,true
C-0184,Starter,DE,59,15,2026-06-16T12:00:00Z,false
C-0185,Pro,DE,69,16,2026-06-17T12:00:00Z,true
C-0186,Team,DE,79,17,2026-06-18T12:00:00Z,true
C-0187,Starter,NL,89,18,2026-06-19T12:00:00Z,false
C-0188,Pro,NL,99,19,2026-06-20T12:00:00Z,true
C-0189,Team,FR,109,20,2026-06-21T12:00:00Z,true
C-0190,Starter,BE,119,21,2026-06-22T12:00:00Z,false
C-0191,Pro,DE,129,22,2026-06-23T12:00:00Z,true
C-0192,Team,DE,139,23,2026-06-24T12:00:00Z,true
C-0193,Starter,DE,29,24,2026-06-25T12:00:00Z,false
C-0194,Pro,DE,39,25,2026-06-26T12:00:00Z,true
C-0195,Team,DE,49,26,2026-06-27T12:00:00Z,true
C-0196,Starter,DE,59,27,2026-06-28T12:00:00Z,false
C-0197,Pro,NL,69,0,2026-06-01T12:00:00Z,true
C-0198,Team,NL,79,1,2026-06-02T12:00:00Z,true
C-0199,Starter,FR,89,2,2026-06-03T12:00:00Z,false
C-0200,Pro,BE,99,3,2026-06-04T12:00:00Z,true
C-0201,Team,DE,,4,2026-06-05T12:00:00Z,true
C-0202,Starter,DE,119,5,2026-06-06T12:00:00Z,false
C-0203,Pro,DE,129,6,2026-06-07T12:00:00Z,true
C-0204,Team,DE,139,7,2026-06-08T12:00:00Z,true
C-0205,Starter,DE,29,8,2026-06-09T12:00:00Z,false
C-0206,Pro,DE,39,9,2026-06-10T12:00:00Z,true
C-0207,Team,NL,49,10,2026-06-11T12:00:00Z,true
C-0208,Starter,NL,59,11,2026-06-12T12:00:00Z,false
C-0209,Pro,FR,69,12,2026-06-13T12:00:00Z,true
C-0210,Team,BE,79,13,2026-06-14T12:00:00Z,true
C-0211,Starter,DE,89,14,2026-06-15T12:00:00Z,false
C-0212,Pro,DE,99,15,2026-06-16T12:00:00Z,true
C-0213,Team,DE,109,16,2026-06-17T12:00:00Z,true
C-0214,Starter,DE,119,17,2026-06-18T12:00:00Z,false
C-0215,Pro,DE,129,18,2026-06-19T12:00:00Z,true
C-0216,Team,DE,139,19,2026-06-20T12:00:00Z,true
C-0217,Starter,NL,29,20,2026-06-21T12:00:00Z,false
C-0218,Pro,NL,39,21,2026-06-22T12:00:00Z,true
C-0219,Team,FR,49,22,2026-06-23T12:00:00Z,true
C-0220,Starter,BE,59,23,2026-06-24T12:00:00Z,false
C-0221,Pro,DE,69,24,2026-06-25T12:00:00Z,true
C-0222,Team,DE,79,25,2026-06-26T12:00:00Z,true
C-0223,Starter,DE,89,26,2026-06-27T12:00:00Z,false
C-0224,Pro,DE,99,27,2026-06-28T12:00:00Z,true
C-0225,Team,DE,109,0,2026-06-01T12:00:00Z,true
C-0226,Starter,DE,119,1,2026-06-02T12:00:00Z,false
C-0227,Pro,NL,129,2,2026-06-03T12:00:00Z,true
C-0228,Team,NL,139,3,2026-06-04T12:00:00Z,true
C-0229,Starter,FR,29,4,2026-06-05T12:00:00Z,false
C-0230,Pro,BE,39,5,2026-06-06T12:00:00Z,true
C-0231,Team,DE,49,6,2026-06-07T12:00:00Z,true
C-0232,Starter,DE,59,7,2026-06-08T12:00:00Z,false
C-0233,Pro,DE,69,8,2026-06-09T12:00:00Z,true
C-0234,Team,DE,79,9,2026-06-10T12:00:00Z,true
C-0235,Starter,DE,89,10,2026-06-11T12:00:00Z,false
C-0236,Pro,DE,99,11,2026-06-12T12:00:00Z,true
C-0237,Team,NL,109,12,2026-06-13T12:00:00Z,true
C-0238,Starter,NL,119,13,2026-06-14T12:00:00Z,false
C-0239,Pro,FR,129,14,2026-06-15T12:00:00Z,true
C-0240,Team,BE,139,15,2026-06-16T12:00:00Z,true
C-0241,Starter,DE,,16,2026-06-17T12:00:00Z,false
C-0242,Pro,DE,39,17,2026-06-18T12:00:00Z,true
C-0243,Team,DE,49,18,2026-06-19T12:00:00Z,true
C-0244,Starter,DE,59,19,2026-06-20T12:00:00Z,false
C-0245,Pro,DE,69,20,2026-06-21T12:00:00Z,true
C-0246,Team,DE,79,21,2026-06-22T12:00:00Z,true
C-0247,Starter,NL,89,22,2026-06-23T12:00:00Z,false
C-0248,Pro,NL,99,23,2026-06-24T12:00:00Z,true
C-0249,Team,FR,109,24,2026-06-25T12:00:00Z,true
C-0250,Starter,BE,119,25,2026-06-26T12:00:00Z,false
C-0251,Pro,DE,129,26,2026-06-27T12:00:00Z,true
C-0252,Team,DE,139,27,2026-06-28T12:00:00Z,true
C-0253,Starter,DE,29,0,2026-06-01T12:00:00Z,false
C-0254,Pro,DE,39,1,2026-06-02T12:00:00Z,true
C-0255,Team,DE,49,2,2026-06-03T12:00:00Z,true
C-0256,Starter,DE,59,3,2026-06-04T12:00:00Z,false
C-0257,Pro,NL,69,4,2026-06-05T12:00:00Z,true
C-0258,Team,NL,79,5,2026-06-06T12:00:00Z,true
C-0259,Starter,FR,89,6,2026-06-07T12:00:00Z,false
C-0260,Pro,BE,99,7,2026-06-08T12:00:00Z,true
C-0261,Team,DE,109,8,2026-06-09T12:00:00Z,true
C-0262,Starter,DE,119,9,2026-06-10T12:00:00Z,false
C-0263,Pro,DE,129,10,2026-06-11T12:00:00Z,true
C-0264,Team,DE,139,11,2026-06-12T12:00:00Z,true
C-0265,Starter,DE,29,12,2026-06-13T12:00:00Z,false
C-0266,Pro,DE,39,13,2026-06-14T12:00:00Z,true
C-0267,Team,NL,49,14,2026-06-15T12:00:00Z,true
C-0268,Starter,NL,59,15,2026-06-16T12:00:00Z,false
C-0269,Pro,FR,69,16,2026-06-17T12:00:00Z,true
C-0270,Team,BE,79,17,2026-06-18T12:00:00Z,true
C-0271,Starter,DE,89,18,2026-06-19T12:00:00Z,false
C-0272,Pro,DE,99,19,2026-06-20T12:00:00Z,true
C-0273,Team,DE,109,20,2026-06-21T12:00:00Z,true
C-0274,Starter,DE,119,21,2026-06-22T12:00:00Z,false
C-0275,Pro,DE,129,22,2026-06-23T12:00:00Z,true
C-0276,Team,DE,139,23,2026-06-24T12:00:00Z,true
C-0277,Starter,NL,29,24,2026-06-25T12:00:00Z,false
C-0278,Pro,NL,39,25,2026-06-26T12:00:00Z,true
C-0279,Team,FR,49,26,2026-06-27T12:00:00Z,true
C-0280,Starter,BE,59,27,2026-06-28T12:00:00Z,false
C-0281,Pro,DE,,0,2026-06-01T12:00:00Z,true
C-0282,Team,DE,79,1,2026-06-02T12:00:00Z,true
C-0283,Starter,DE,89,2,2026-06-03T12:00:00Z,false
C-0284,Pro,DE,99,3,2026-06-04T12:00:00Z,true
C-0285,Team,DE,109,4,2026-06-05T12:00:00Z,true
C-0286,Starter,DE,119,5,2026-06-06T12:00:00Z,false
C-0287,Pro,NL,129,6,2026-06-07T12:00:00Z,true
C-0288,Team,NL,139,7,2026-06-08T12:00:00Z,true
C-0289,Starter,FR,29,8,2026-06-09T12:00:00Z,false
C-0290,Pro,BE,39,9,2026-06-10T12:00:00Z,true
C-0291,Team,DE,49,10,2026-06-11T12:00:00Z,true
C-0292,Starter,DE,59,11,2026-06-12T12:00:00Z,false
C-0293,Pro,DE,69,12,2026-06-13T12:00:00Z,true
C-0294,Team,DE,79,13,2026-06-14T12:00:00Z,true
C-0295,Starter,DE,89,14,2026-06-15T12:00:00Z,false
C-0296,Pro,DE,99,15,2026-06-16T12:00:00Z,true
C-0297,Team,NL,109,16,2026-06-17T12:00:00Z,true
C-0298,Starter,NL,119,17,2026-06-18T12:00:00Z,false
C-0299,Pro,FR,129,18,2026-06-19T12:00:00Z,true
C-0300,Team,BE,139,19,2026-06-20T12:00:00Z,true
C-0301,Starter,DE,29,20,2026-06-21T12:00:00Z,false
C-0302,Pro,DE,39,21,2026-06-22T12:00:00Z,true
C-0303,Team,DE,49,22,2026-06-23T12:00:00Z,true
C-0304,Starter,DE,59,23,2026-06-24T12:00:00Z,false
C-0305,Pro,DE,69,24,2026-06-25T12:00:00Z,true
C-0306,Team,DE,79,25,2026-06-26T12:00:00Z,true
C-0307,Starter,NL,89,26,2026-06-27T12:00:00Z,false
C-0308,Pro,NL,99,27,2026-06-28T12:00:00Z,true
C-0309,Team,FR,109,0,2026-06-01T12:00:00Z,true
C-0310,Starter,BE,119,1,2026-06-02T12:00:00Z,false
C-0311,Pro,DE,129,2,2026-06-03T12:00:00Z,true
C-0312,Team,DE,139,3,2026-06-04T12:00:00Z,true
C-0313,Starter,DE,29,4,2026-06-05T12:00:00Z,false
C-0314,Pro,DE,39,5,2026-06-06T12:00:00Z,true
C-0315,Team,DE,49,6,2026-06-07T12:00:00Z,true
C-0316,Starter,DE,59,7,2026-06-08T12:00:00Z,false
C-0317,Pro,NL,69,8,2026-06-09T12:00:00Z,true
C-0318,Team,NL,79,9,2026-06-10T12:00:00Z,true
C-0319,Starter,FR,89,10,2026-06-11T12:00:00Z,false
C-0320,Pro,BE,99,11,2026-06-12T12:00:00Z,true
C-0321,Team,DE,,12,2026-06-13T12:00:00Z,true
C-0322,Starter,DE,119,13,2026-06-14T12:00:00Z,false
C-0323,Pro,DE,129,14,2026-06-15T12:00:00Z,true
C-0324,Team,DE,139,15,2026-06-16T12:00:00Z,true
C-0325,Starter,DE,29,16,2026-06-17T12:00:00Z,false
C-0326,Pro,DE,39,17,2026-06-18T12:00:00Z,true
C-0327,Team,NL,49,18,2026-06-19T12:00:00Z,true
C-0328,Starter,NL,59,19,2026-06-20T12:00:00Z,false
C-0329,Pro,FR,69,20,2026-06-21T12:00:00Z,true
C-0330,Team,BE,79,21,2026-06-22T12:00:00Z,true
C-0331,Starter,DE,89,22,2026-06-23T12:00:00Z,false
C-0332,Pro,DE,99,23,2026-06-24T12:00:00Z,true
C-0333,Team,DE,109,24,2026-06-25T12:00:00Z,true
C-0334,Starter,DE,119,25,2026-06-26T12:00:00Z,false
C-0335,Pro,DE,129,26,2026-06-27T12:00:00Z,true
C-0336,Team,DE,139,27,2026-06-28T12:00:00Z,true
C-0337,Starter,NL,29,0,2026-06-01T12:00:00Z,false
C-0338,Pro,NL,39,1,2026-06-02T12:00:00Z,true
C-0339,Team,FR,49,2,2026-06-03T12:00:00Z,true
C-0340,Starter,BE,59,3,2026-06-04T12:00:00Z,false
C-0341,Pro,DE,69,4,2026-06-05T12:00:00Z,true
C-0342,Team,DE,79,5,2026-06-06T12:00:00Z,true
C-0343,Starter,DE,89,6,2026-06-07T12:00:00Z,false
C-0344,Pro,DE,99,7,2026-06-08T12:00:00Z,true
C-0345,Team,DE,109,8,2026-06-09T12:00:00Z,true
C-0346,Starter,DE,119,9,2026-06-10T12:00:00Z,false
C-0347,Pro,NL,129,10,2026-06-11T12:00:00Z,true
C-0348,Team,NL,139,11,2026-06-12T12:00:00Z,true
C-0349,Starter,FR,29,12,2026-06-13T12:00:00Z,false
C-0350,Pro,BE,39,13,2026-06-14T12:00:00Z,true
C-0351,Team,DE,49,14,2026-06-15T12:00:00Z,true
C-0352,Starter,DE,59,15,2026-06-16T12:00:00Z,false
C-0353,Pro,DE,69,16,2026-06-17T12:00:00Z,true
C-0354,Team,DE,79,17,2026-06-18T12:00:00Z,true
C-0355,Starter,DE,89,18,2026-06-19T12:00:00Z,false
C-0356,Pro,DE,99,19,2026-06-20T12:00:00Z,true
C-0357,Team,NL,109,20,2026-06-21T12:00:00Z,true
C-0358,Starter,NL,119,21,2026-06-22T12:00:00Z,false
C-0359,Pro,FR,129,22,2026-06-23T12:00:00Z,true
C-0360,Team,BE,139,23,2026-06-24T12:00:00Z,true
C-0361,Starter,DE,,24,2026-06-25T12:00:00Z,false
C-0362,Pro,DE,39,25,2026-06-26T12:00:00Z,true
C-0363,Team,DE,49,26,2026-06-27T12:00:00Z,true
C-0364,Starter,DE,59,27,2026-06-28T12:00:00Z,false
C-0365,Pro,DE,69,0,2026-06-01T12:00:00Z,true
C-0366,Team,DE,79,1,2026-06-02T12:00:00Z,true
C-0367,Starter,NL,89,2,2026-06-03T12:00:00Z,false
C-0368,Pro,NL,99,3,2026-06-04T12:00:00Z,true
C-0369,Team,FR,109,4,2026-06-05T12:00:00Z,true
C-0370,Starter,BE,119,5,2026-06-06T12:00:00Z,false
C-0371,Pro,DE,129,6,2026-06-07T12:00:00Z,true
C-0372,Team,DE,139,7,2026-06-08T12:00:00Z,true
C-0373,Starter,DE,29,8,2026-06-09T12:00:00Z,false
C-0374,Pro,DE,39,9,2026-06-10T12:00:00Z,true
C-0375,Team,DE,49,10,2026-06-11T12:00:00Z,true
C-0376,Starter,DE,59,11,2026-06-12T12:00:00Z,false
C-0377,Pro,NL,69,12,2026-06-13T12:00:00Z,true
C-0378,Team,NL,79,13,2026-06-14T12:00:00Z,true
C-0379,Starter,FR,89,14,2026-06-15T12:00:00Z,false
C-0380,Pro,BE,99,15,2026-06-16T12:00:00Z,true
C-0381,Team,DE,109,16,2026-06-17T12:00:00Z,true
C-0382,Starter,DE,119,17,2026-06-18T12:00:00Z,false
C-0383,Pro,DE,129,18,2026-06-19T12:00:00Z,true
C-0384,Team,DE,139,19,2026-06-20T12:00:00Z,true
C-0385,Starter,DE,29,20,2026-06-21T12:00:00Z,false
C-0386,Pro,DE,39,21,2026-06-22T12:00:00Z,true
C-0387,Team,NL,49,22,2026-06-23T12:00:00Z,true
C-0388,Starter,NL,59,23,2026-06-24T12:00:00Z,false
C-0389,Pro,FR,69,24,2026-06-25T12:00:00Z,true
C-0390,Team,BE,79,25,2026-06-26T12:00:00Z,true
C-0391,Starter,DE,89,26,2026-06-27T12:00:00Z,false
C-0392,Pro,DE,99,27,2026-06-28T12:00:00Z,true
C-0393,Team,DE,109,0,2026-06-01T12:00:00Z,true
C-0394,Starter,DE,119,1,2026-06-02T12:00:00Z,false
C-0395,Pro,DE,129,2,2026-06-03T12:00:00Z,true
C-0396,Team,DE,139,3,2026-06-04T12:00:00Z,true
C-0397,Starter,NL,29,4,2026-06-05T12:00:00Z,false
C-0398,Pro,NL,39,5,2026-06-06T12:00:00Z,true
C-0399,Team,FR,49,6,2026-06-07T12:00:00Z,true
C-0400,Starter,BE,59,7,2026-06-08T12:00:00Z,false
C-0401,Pro,DE,,8,2026-06-09T12:00:00Z,true
C-0402,Team,DE,79,9,2026-06-10T12:00:00Z,true
C-0403,Starter,DE,89,10,2026-06-11T12:00:00Z,false
C-0404,Pro,DE,99,11,2026-06-12T12:00:00Z,true
C-0405,Team,DE,109,12,2026-06-13T12:00:00Z,true
C-0406,Starter,DE,119,13,2026-06-14T12:00:00Z,false
C-0407,Pro,NL,129,14,2026-06-15T12:00:00Z,true
C-0408,Team,NL,139,15,2026-06-16T12:00:00Z,true
C-0409,Starter,FR,29,16,2026-06-17T12:00:00Z,false
C-0410,Pro,BE,39,17,2026-06-18T12:00:00Z,true
C-0411,Team,DE,49,18,2026-06-19T12:00:00Z,true
C-0412,Starter,DE,59,19,2026-06-20T12:00:00Z,false
C-0413,Pro,DE,69,20,2026-06-21T12:00:00Z,true
C-0414,Team,DE,79,21,2026-06-22T12:00:00Z,true
C-0415,Starter,DE,89,22,2026-06-23T12:00:00Z,false
C-0416,Pro,DE,99,23,2026-06-24T12:00:00Z,true
C-0417,Team,NL,109,24,2026-06-25T12:00:00Z,true
C-0418,Starter,NL,119,25,2026-06-26T12:00:00Z,false
C-0419,Pro,FR,129,26,2026-06-27T12:00:00Z,true
C-0420,Team,BE,139,27,2026-06-28T12:00:00Z,true
C-0421,Starter,DE,29,0,2026-06-01T12:00:00Z,false
C-0422,Pro,DE,39,1,2026-06-02T12:00:00Z,true
C-0423,Team,DE,49,2,2026-06-03T12:00:00Z,true
C-0424,Starter,DE,59,3,2026-06-04T12:00:00Z,false
C-0425,Pro,DE,69,4,2026-06-05T12:00:00Z,true
C-0426,Team,DE,79,5,2026-06-06T12:00:00Z,true
C-0427,Starter,NL,89,6,2026-06-07T12:00:00Z,false
C-0428,Pro,NL,99,7,2026-06-08T12:00:00Z,true
C-0429,Team,FR,109,8,2026-06-09T12:00:00Z,true
C-0430,Starter,BE,119,9,2026-06-10T12:00:00Z,false
C-0431,Pro,DE,129,10,2026-06-11T12:00:00Z,true
C-0432,Team,DE,139,11,2026-06-12T12:00:00Z,true
C-0433,Starter,DE,29,12,2026-06-13T12:00:00Z,false
C-0434,Pro,DE,39,13,2026-06-14T12:00:00Z,true
C-0435,Team,DE,49,14,2026-06-15T12:00:00Z,true
C-0436,Starter,DE,59,15,2026-06-16T12:00:00Z,false
C-0437,Pro,NL,69,16,2026-06-17T12:00:00Z,true
C-0438,Team,NL,79,17,2026-06-18T12:00:00Z,true
C-0439,Starter,FR,89,18,2026-06-19T12:00:00Z,false
C-0440,Pro,BE,99,19,2026-06-20T12:00:00Z,true
C-0441,Team,DE,,20,2026-06-21T12:00:00Z,true
C-0442,Starter,DE,119,21,2026-06-22T12:00:00Z,false
C-0443,Pro,DE,129,22,2026-06-23T12:00:00Z,true
C-0444,Team,DE,139,23,2026-06-24T12:00:00Z,true
C-0445,Starter,DE,29,24,2026-06-25T12:00:00Z,false
C-0446,Pro,DE,39,25,2026-06-26T12:00:00Z,true
C-0447,Team,NL,49,26,2026-06-27T12:00:00Z,true
C-0448,Starter,NL,59,27,2026-06-28T12:00:00Z,false
C-0449,Pro,FR,69,0,2026-06-01T12:00:00Z,true
C-0450,Team,BE,79,1,2026-06-02T12:00:00Z,true
C-0451,Starter,DE,89,2,2026-06-03T12:00:00Z,false
C-0452,Pro,DE,99,3,2026-06-04T12:00:00Z,true
C-0453,Team,DE,109,4,2026-06-05T12:00:00Z,true
C-0454,Starter,DE,119,5,2026-06-06T12:00:00Z,false
C-0455,Pro,DE,129,6,2026-06-07T12:00:00Z,true
C-0456,Team,DE,139,7,2026-06-08T12:00:00Z,true
C-0457,Starter,NL,29,8,2026-06-09T12:00:00Z,false
C-0458,Pro,NL,39,9,2026-06-10T12:00:00Z,true
C-0459,Team,FR,49,10,2026-06-11T12:00:00Z,true
C-0460,Starter,BE,59,11,2026-06-12T12:00:00Z,false
C-0461,Pro,DE,69,12,2026-06-13T12:00:00Z,true
C-0462,Team,DE,79,13,2026-06-14T12:00:00Z,true
C-0463,Starter,DE,89,14,2026-06-15T12:00:00Z,false
C-0464,Pro,DE,99,15,2026-06-16T12:00:00Z,true
C-0465,Team,DE,109,16,2026-06-17T12:00:00Z,true
C-0466,Starter,DE,119,17,2026-06-18T12:00:00Z,false
C-0467,Pro,NL,129,18,2026-06-19T12:00:00Z,true
C-0468,Team,NL,139,19,2026-06-20T12:00:00Z,true
C-0469,Starter,FR,29,20,2026-06-21T12:00:00Z,false
C-0470,Pro,BE,39,21,2026-06-22T12:00:00Z,true
C-0471,Team,DE,49,22,2026-06-23T12:00:00Z,true
C-0472,Starter,DE,59,23,2026-06-24T12:00:00Z,false
C-0473,Pro,DE,69,24,2026-06-25T12:00:00Z,true
C-0474,Team,DE,79,25,2026-06-26T12:00:00Z,true
C-0475,Starter,DE,89,26,2026-06-27T12:00:00Z,false
C-0476,Pro,DE,99,27,2026-06-28T12:00:00Z,true
C-0477,Team,NL,109,0,2026-06-01T12:00:00Z,true
C-0478,Starter,NL,119,1,2026-06-02T12:00:00Z,false
C-0479,Pro,FR,129,2,2026-06-03T12:00:00Z,true
C-0480,Team,BE,139,3,2026-06-04T12:00:00Z,true
C-0481,Starter,DE,,4,2026-06-05T12:00:00Z,false
C-0482,Pro,DE,39,5,2026-06-06T12:00:00Z,true
C-0483,Team,DE,49,6,2026-06-07T12:00:00Z,true
C-0484,Starter,DE,59,7,2026-06-08T12:00:00Z,false
C-0485,Pro,DE,69,8,2026-06-09T12:00:00Z,true
C-0486,Team,DE,79,9,2026-06-10T12:00:00Z,true
C-0487,Starter,NL,89,10,2026-06-11T12:00:00Z,false
C-0488,Pro,NL,99,11,2026-06-12T12:00:00Z,true
C-0489,Team,FR,109,12,2026-06-13T12:00:00Z,true
C-0490,Starter,BE,119,13,2026-06-14T12:00:00Z,false
C-0491,Pro,DE,129,14,2026-06-15T12:00:00Z,true
C-0492,Team,DE,139,15,2026-06-16T12:00:00Z,true
C-0493,Starter,DE,29,16,2026-06-17T12:00:00Z,false
C-0494,Pro,DE,39,17,2026-06-18T12:00:00Z,true
C-0495,Team,DE,49,18,2026-06-19T12:00:00Z,true
C-0496,Starter,DE,59,19,2026-06-20T12:00:00Z,false
C-0497,Pro,NL,69,20,2026-06-21T12:00:00Z,true
C-0498,Team,NL,79,21,2026-06-22T12:00:00Z,true
C-0499,Starter,FR,89,22,2026-06-23T12:00:00Z,false
C-0500,Pro,BE,99,23,2026-06-24T12:00:00Z,true
C-0501,Team,DE,109,24,2026-06-25T12:00:00Z,true
C-0502,Starter,DE,119,25,2026-06-26T12:00:00Z,false
C-0503,Pro,DE,129,26,2026-06-27T12:00:00Z,true
C-0504,Team,DE,139,27,2026-06-28T12:00:00Z,true
C-0505,Starter,DE,29,0,2026-06-01T12:00:00Z,false
C-0506,Pro,DE,39,1,2026-06-02T12:00:00Z,true
C-0507,Team,NL,49,2,2026-06-03T12:00:00Z,true
C-0508,Starter,NL,59,3,2026-06-04T12:00:00Z,false
C-0509,Pro,FR,69,4,2026-06-05T12:00:00Z,true
C-0510,Team,BE,79,5,2026-06-06T12:00:00Z,true
C-0511,Starter,DE,89,6,2026-06-07T12:00:00Z,false
C-0512,Pro,DE,99,7,2026-06-08T12:00:00Z,true
C-0513,Team,DE,109,8,2026-06-09T12:00:00Z,true
C-0514,Starter,DE,119,9,2026-06-10T12:00:00Z,false
C-0515,Pro,DE,129,10,2026-06-11T12:00:00Z,true
C-0516,Team,DE,139,11,2026-06-12T12:00:00Z,true
C-0517,Starter,NL,29,12,2026-06-13T12:00:00Z,false
C-0518,Pro,NL,39,13,2026-06-14T12:00:00Z,true
C-0519,Team,FR,49,14,2026-06-15T12:00:00Z,true
C-0520,Starter,BE,59,15,2026-06-16T12:00:00Z,false
C-0521,Pro,DE,,16,2026-06-17T12:00:00Z,true
C-0522,Team,DE,79,17,2026-06-18T12:00:00Z,true
C-0523,Starter,DE,89,18,2026-06-19T12:00:00Z,false
C-0524,Pro,DE,99,19,2026-06-20T12:00:00Z,true
C-0525,Team,DE,109,20,2026-06-21T12:00:00Z,true
C-0526,Starter,DE,119,21,2026-06-22T12:00:00Z,false
C-0527,Pro,NL,129,22,2026-06-23T12:00:00Z,true
C-0528,Team,NL,139,23,2026-06-24T12:00:00Z,true
C-0529,Starter,FR,29,24,2026-06-25T12:00:00Z,false
C-0530,Pro,BE,39,25,2026-06-26T12:00:00Z,true
C-0531,Team,DE,49,26,2026-06-27T12:00:00Z,true
C-0532,Starter,DE,59,27,2026-06-28T12:00:00Z,false
C-0533,Pro,DE,69,0,2026-06-01T12:00:00Z,true
C-0534,Team,DE,79,1,2026-06-02T12:00:00Z,true
C-0535,Starter,DE,89,2,2026-06-03T12:00:00Z,false
C-0536,Pro,DE,99,3,2026-06-04T12:00:00Z,true
C-0537,Team,NL,109,4,2026-06-05T12:00:00Z,true
C-0538,Starter,NL,119,5,2026-06-06T12:00:00Z,false
C-0539,Pro,FR,129,6,2026-06-07T12:00:00Z,true
C-0540,Team,BE,139,7,2026-06-08T12:00:00Z,true
C-0541,Starter,DE,29,8,2026-06-09T12:00:00Z,false
C-0542,Pro,DE,39,9,2026-06-10T12:00:00Z,true
C-0543,Team,DE,49,10,2026-06-11T12:00:00Z,true
C-0544,Starter,DE,59,11,2026-06-12T12:00:00Z,false
C-0545,Pro,DE,69,12,2026-06-13T12:00:00Z,true
C-0546,Team,DE,79,13,2026-06-14T12:00:00Z,true
C-0547,Starter,NL,89,14,2026-06-15T12:00:00Z,false
C-0548,Pro,NL,99,15,2026-06-16T12:00:00Z,true
C-0549,Team,FR,109,16,2026-06-17T12:00:00Z,true
C-0550,Starter,BE,119,17,2026-06-18T12:00:00Z,false
C-0551,Pro,DE,129,18,2026-06-19T12:00:00Z,true
C-0552,Team,DE,139,19,2026-06-20T12:00:00Z,true
C-0553,Starter,DE,29,20,2026-06-21T12:00:00Z,false
C-0554,Pro,DE,39,21,2026-06-22T12:00:00Z,true
C-0555,Team,DE,49,22,2026-06-23T12:00:00Z,true
C-0556,Starter,DE,59,23,2026-06-24T12:00:00Z,false
C-0557,Pro,NL,69,24,2026-06-25T12:00:00Z,true
C-0558,Team,NL,79,25,2026-06-26T12:00:00Z,true
C-0559,Starter,FR,89,26,2026-06-27T12:00:00Z,false
C-0560,Pro,BE,99,27,2026-06-28T12:00:00Z,true
C-0561,Team,DE,,0,2026-06-01T12:00:00Z,true
C-0562,Starter,DE,119,1,2026-06-02T12:00:00Z,false
C-0563,Pro,DE,129,2,2026-06-03T12:00:00Z,true
C-0564,Team,DE,139,3,2026-06-04T12:00:00Z,true
C-0565,Starter,DE,29,4,2026-06-05T12:00:00Z,false
C-0566,Pro,DE,39,5,2026-06-06T12:00:00Z,true
C-0567,Team,NL,49,6,2026-06-07T12:00:00Z,true
C-0568,Starter,NL,59,7,2026-06-08T12:00:00Z,false
C-0569,Pro,FR,69,8,2026-06-09T12:00:00Z,true
C-0570,Team,BE,79,9,2026-06-10T12:00:00Z,true
C-0571,Starter,DE,89,10,2026-06-11T12:00:00Z,false
C-0572,Pro,DE,99,11,2026-06-12T12:00:00Z,true
C-0573,Team,DE,109,12,2026-06-13T12:00:00Z,true
C-0574,Starter,DE,119,13,2026-06-14T12:00:00Z,false
C-0575,Pro,DE,129,14,2026-06-15T12:00:00Z,true
C-0576,Team,DE,139,15,2026-06-16T12:00:00Z,true
C-0577,Starter,NL,29,16,2026-06-17T12:00:00Z,false
C-0578,Pro,NL,39,17,2026-06-18T12:00:00Z,true
C-0579,Team,FR,49,18,2026-06-19T12:00:00Z,true
C-0580,Starter,BE,59,19,2026-06-20T12:00:00Z,false
C-0581,Pro,DE,69,20,2026-06-21T12:00:00Z,true
C-0582,Team,DE,79,21,2026-06-22T12:00:00Z,true
C-0583,Starter,DE,89,22,2026-06-23T12:00:00Z,false
C-0584,Pro,DE,99,23,2026-06-24T12:00:00Z,true
C-0585,Team,DE,109,24,2026-06-25T12:00:00Z,true
C-0586,Starter,DE,119,25,2026-06-26T12:00:00Z,false
C-0587,Pro,NL,129,26,2026-06-27T12:00:00Z,true
C-0588,Team,NL,139,27,2026-06-28T12:00:00Z,true
C-0589,Starter,FR,29,0,2026-06-01T12:00:00Z,false
C-0590,Pro,BE,39,1,2026-06-02T12:00:00Z,true
C-0591,Team,DE,49,2,2026-06-03T12:00:00Z,true
C-0592,Starter,DE,59,3,2026-06-04T12:00:00Z,false
C-0593,Pro,DE,69,4,2026-06-05T12:00:00Z,true
C-0594,Team,DE,79,5,2026-06-06T12:00:00Z,true
C-0595,Starter,DE,89,6,2026-06-07T12:00:00Z,false
C-0596,Pro,DE,99,7,2026-06-08T12:00:00Z,true
C-0597,Team,NL,109,8,2026-06-09T12:00:00Z,true
C-0598,Starter,NL,119,9,2026-06-10T12:00:00Z,false
C-0599,Pro,FR,129,10,2026-06-11T12:00:00Z,true
C-0600,Team,BE,139,11,2026-06-12T12:00:00Z,true
C-0601,Starter,DE,,12,2026-06-13T12:00:00Z,false
C-0602,Pro,DE,39,13,2026-06-14T12:00:00Z,true
C-0603,Team,DE,49,14,2026-06-15T12:00:00Z,true
C-0604,Starter,DE,59,15,2026-06-16T12:00:00Z,false
C-0605,Pro,DE,69,16,2026-06-17T12:00:00Z,true
C-0606,Team,DE,79,17,2026-06-18T12:00:00Z,true
C-0607,Starter,NL,89,18,2026-06-19T12:00:00Z,false
C-0608,Pro,NL,99,19,2026-06-20T12:00:00Z,true
C-0609,Team,FR,109,20,2026-06-21T12:00:00Z,true
C-0610,Starter,BE,119,21,2026-06-22T12:00:00Z,false
C-0611,Pro,DE,129,22,2026-06-23T12:00:00Z,true
C-0612,Team,DE,139,23,2026-06-24T12:00:00Z,true
C-0613,Starter,DE,29,24,2026-06-25T12:00:00Z,false
C-0614,Pro,DE,39,25,2026-06-26T12:00:00Z,true
C-0615,Team,DE,49,26,2026-06-27T12:00:00Z,true
C-0616,Starter,DE,59,27,2026-06-28T12:00:00Z,false
C-0617,Pro,NL,69,0,2026-06-01T12:00:00Z,true
C-0618,Team,NL,79,1,2026-06-02T12:00:00Z,true
C-0619,Starter,FR,89,2,2026-06-03T12:00:00Z,false
C-0620,Pro,BE,99,3,2026-06-04T12:00:00Z,true
C-0621,Team,DE,109,4,2026-06-05T12:00:00Z,true
C-0622,Starter,DE,119,5,2026-06-06T12:00:00Z,false
C-0623,Pro,DE,129,6,2026-06-07T12:00:00Z,true
C-0624,Team,DE,139,7,2026-06-08T12:00:00Z,true
C-0625,Starter,DE,29,8,2026-06-09T12:00:00Z,false
C-0626,Pro,DE,39,9,2026-06-10T12:00:00Z,true
C-0627,Team,NL,49,10,2026-06-11T12:00:00Z,true
C-0628,Starter,NL,59,11,2026-06-12T12:00:00Z,false
C-0629,Pro,FR,69,12,2026-06-13T12:00:00Z,true
C-0630,Team,BE,79,13,2026-06-14T12:00:00Z,true
C-0631,Starter,DE,89,14,2026-06-15T12:00:00Z,false
C-0632,Pro,DE,99,15,2026-06-16T12:00:00Z,true
C-0633,Team,DE,109,16,2026-06-17T12:00:00Z,true
C-0634,Starter,DE,119,17,2026-06-18T12:00:00Z,false
C-0635,Pro,DE,129,18,2026-06-19T12:00:00Z,true
C-0636,Team,DE,139,19,2026-06-20T12:00:00Z,true
C-0637,Starter,NL,29,20,2026-06-21T12:00:00Z,false
C-0638,Pro,NL,39,21,2026-06-22T12:00:00Z,true
C-0639,Team,FR,49,22,2026-06-23T12:00:00Z,true
C-0640,Starter,BE,59,23,2026-06-24T12:00:00Z,false
C-0641,Pro,DE,,24,2026-06-25T12:00:00Z,true
C-0642,Team,DE,79,25,2026-06-26T12:00:00Z,true
C-0643,Starter,DE,89,26,2026-06-27T12:00:00Z,false
C-0644,Pro,DE,99,27,2026-06-28T12:00:00Z,true
C-0645,Team,DE,109,0,2026-06-01T12:00:00Z,true
C-0646,Starter,DE,119,1,2026-06-02T12:00:00Z,false
C-0647,Pro,NL,129,2,2026-06-03T12:00:00Z,true
C-0648,Team,NL,139,3,2026-06-04T12:00:00Z,true
C-0649,Starter,FR,29,4,2026-06-05T12:00:00Z,false
C-0650,Pro,BE,39,5,2026-06-06T12:00:00Z,true
C-0651,Team,DE,49,6,2026-06-07T12:00:00Z,true
C-0652,Starter,DE,59,7,2026-06-08T12:00:00Z,false
C-0653,Pro,DE,69,8,2026-06-09T12:00:00Z,true
C-0654,Team,DE,79,9,2026-06-10T12:00:00Z,true
C-0655,Starter,DE,89,10,2026-06-11T12:00:00Z,false
C-0656,Pro,DE,99,11,2026-06-12T12:00:00Z,true
C-0657,Team,NL,109,12,2026-06-13T12:00:00Z,true
C-0658,Starter,NL,119,13,2026-06-14T12:00:00Z,false
C-0659,Pro,FR,129,14,2026-06-15T12:00:00Z,true
C-0660,Team,BE,139,15,2026-06-16T12:00:00Z,true
C-0661,Starter,DE,29,16,2026-06-17T12:00:00Z,false
C-0662,Pro,DE,39,17,2026-06-18T12:00:00Z,true
C-0663,Team,DE,49,18,2026-06-19T12:00:00Z,true
C-0664,Starter,DE,59,19,2026-06-20T12:00:00Z,false
C-0665,Pro,DE,69,20,2026-06-21T12:00:00Z,true
C-0666,Team,DE,79,21,2026-06-22T12:00:00Z,true
C-0667,Starter,NL,89,22,2026-06-23T12:00:00Z,false
C-0668,Pro,NL,99,23,2026-06-24T12:00:00Z,true
C-0669,Team,FR,109,24,2026-06-25T12:00:00Z,true
C-0670,Starter,BE,119,25,2026-06-26T12:00:00Z,false
C-0671,Pro,DE,129,26,2026-06-27T12:00:00Z,true
C-0672,Team,DE,139,27,2026-06-28T12:00:00Z,true
C-0673,Starter,DE,29,0,2026-06-01T12:00:00Z,false
C-0674,Pro,DE,39,1,2026-06-02T12:00:00Z,true
C-0675,Team,DE,49,2,2026-06-03T12:00:00Z,true
C-0676,Starter,DE,59,3,2026-06-04T12:00:00Z,false
C-0677,Pro,NL,69,4,2026-06-05T12:00:00Z,true
C-0678,Team,NL,79,5,2026-06-06T12:00:00Z,true
C-0679,Starter,FR,89,6,2026-06-07T12:00:00Z,false
C-0680,Pro,BE,99,7,2026-06-08T12:00:00Z,true
C-0681,Team,DE,,8,2026-06-09T12:00:00Z,true
C-0682,Starter,DE,119,9,2026-06-10T12:00:00Z,false
C-0683,Pro,DE,129,10,2026-06-11T12:00:00Z,true
C-0684,Team,DE,139,11,2026-06-12T12:00:00Z,true
C-0685,Starter,DE,29,12,2026-06-13T12:00:00Z,false
C-0686,Pro,DE,39,13,2026-06-14T12:00:00Z,true
C-0687,Team,NL,49,14,2026-06-15T12:00:00Z,true
C-0688,Starter,NL,59,15,2026-06-16T12:00:00Z,false
C-0689,Pro,FR,69,16,2026-06-17T12:00:00Z,true
C-0690,Team,BE,79,17,2026-06-18T12:00:00Z,true
C-0691,Starter,DE,89,18,2026-06-19T12:00:00Z,false
C-0692,Pro,DE,99,19,2026-06-20T12:00:00Z,true
C-0693,Team,DE,109,20,2026-06-21T12:00:00Z,true
C-0694,Starter,DE,119,21,2026-06-22T12:00:00Z,false
C-0695,Pro,DE,129,22,2026-06-23T12:00:00Z,true
C-0696,Team,DE,139,23,2026-06-24T12:00:00Z,true
C-0697,Starter,NL,29,24,2026-06-25T12:00:00Z,false
C-0698,Pro,NL,39,25,2026-06-26T12:00:00Z,true
C-0699,Team,FR,49,26,2026-06-27T12:00:00Z,true
C-0700,Starter,BE,59,27,2026-06-28T12:00:00Z,false
C-0701,Pro,DE,69,0,2026-06-01T12:00:00Z,true
C-0702,Team,DE,79,1,2026-06-02T12:00:00Z,true
C-0703,Starter,DE,89,2,2026-06-03T12:00:00Z,false
C-0704,Pro,DE,99,3,2026-06-04T12:00:00Z,true
C-0705,Team,DE,109,4,2026-06-05T12:00:00Z,true
C-0706,Starter,DE,119,5,2026-06-06T12:00:00Z,false
C-0707,Pro,NL,129,6,2026-06-07T12:00:00Z,true
C-0708,Team,NL,139,7,2026-06-08T12:00:00Z,true
C-0709,Starter,FR,29,8,2026-06-09T12:00:00Z,false
C-0710,Pro,BE,39,9,2026-06-10T12:00:00Z,true
C-0711,Team,DE,49,10,2026-06-11T12:00:00Z,true
C-0712,Starter,DE,59,11,2026-06-12T12:00:00Z,false
C-0713,Pro,DE,69,12,2026-06-13T12:00:00Z,true
C-0714,Team,DE,79,13,2026-06-14T12:00:00Z,true
C-0715,Starter,DE,89,14,2026-06-15T12:00:00Z,false
C-0716,Pro,DE,99,15,2026-06-16T12:00:00Z,true
C-0717,Team,NL,109,16,2026-06-17T12:00:00Z,true
C-0718,Starter,NL,119,17,2026-06-18T12:00:00Z,false
C-0719,Pro,FR,129,18,2026-06-19T12:00:00Z,true
C-0720,Team,BE,139,19,2026-06-20T12:00:00Z,true
C-0721,Starter,DE,,20,2026-06-21T12:00:00Z,false
C-0722,Pro,DE,39,21,2026-06-22T12:00:00Z,true
C-0723,Team,DE,49,22,2026-06-23T12:00:00Z,true
C-0724,Starter,DE,59,23,2026-06-24T12:00:00Z,false
C-0725,Pro,DE,69,24,2026-06-25T12:00:00Z,true
C-0726,Team,DE,79,25,2026-06-26T12:00:00Z,true
C-0727,Starter,NL,89,26,2026-06-27T12:00:00Z,false
C-0728,Pro,NL,99,27,2026-06-28T12:00:00Z,true
C-0729,Team,FR,109,0,2026-06-01T12:00:00Z,true
C-0730,Starter,BE,119,1,2026-06-02T12:00:00Z,false
C-0731,Pro,DE,129,2,2026-06-03T12:00:00Z,true
C-0732,Team,DE,139,3,2026-06-04T12:00:00Z,true
C-0733,Starter,DE,29,4,2026-06-05T12:00:00Z,false
C-0734,Pro,DE,39,5,2026-06-06T12:00:00Z,true
C-0735,Team,DE,49,6,2026-06-07T12:00:00Z,true
C-0736,Starter,DE,59,7,2026-06-08T12:00:00Z,false
C-0737,Pro,NL,69,8,2026-06-09T12:00:00Z,true
C-0738,Team,NL,79,9,2026-06-10T12:00:00Z,true
C-0739,Starter,FR,89,10,2026-06-11T12:00:00Z,false
C-0740,Pro,BE,99,11,2026-06-12T12:00:00Z,true
C-0741,Team,DE,109,12,2026-06-13T12:00:00Z,true
C-0742,Starter,DE,119,13,2026-06-14T12:00:00Z,false
C-0743,Pro,DE,129,14,2026-06-15T12:00:00Z,true
C-0744,Team,DE,139,15,2026-06-16T12:00:00Z,true
C-0745,Starter,DE,29,16,2026-06-17T12:00:00Z,false
C-0746,Pro,DE,39,17,2026-06-18T12:00:00Z,true
C-0747,Team,NL,49,18,2026-06-19T12:00:00Z,true
C-0748,Starter,NL,59,19,2026-06-20T12:00:00Z,false
C-0749,Pro,FR,69,20,2026-06-21T12:00:00Z,true
C-0750,Team,BE,79,21,2026-06-22T12:00:00Z,true
C-0751,Starter,DE,89,22,2026-06-23T12:00:00Z,false
C-0752,Pro,DE,99,23,2026-06-24T12:00:00Z,true
C-0753,Team,DE,109,24,2026-06-25T12:00:00Z,true
C-0754,Starter,DE,119,25,2026-06-26T12:00:00Z,false
C-0755,Pro,DE,129,26,2026-06-27T12:00:00Z,true
C-0756,Team,DE,139,27,2026-06-28T12:00:00Z,true
C-0757,Starter,NL,29,0,2026-06-01T12:00:00Z,false
C-0758,Pro,NL,39,1,2026-06-02T12:00:00Z,true
C-0759,Team,FR,49,2,2026-06-03T12:00:00Z,true
C-0760,Starter,BE,59,3,2026-06-04T12:00:00Z,false
C-0761,Pro,DE,,4,2026-06-05T12:00:00Z,true
C-0762,Team,DE,79,5,2026-06-06T12:00:00Z,true
C-0763,Starter,DE,89,6,2026-06-07T12:00:00Z,false
C-0764,Pro,DE,99,7,2026-06-08T12:00:00Z,true
C-0765,Team,DE,109,8,2026-06-09T12:00:00Z,true
C-0766,Starter,DE,119,9,2026-06-10T12:00:00Z,false
C-0767,Pro,NL,129,10,2026-06-11T12:00:00Z,true
C-0768,Team,NL,139,11,2026-06-12T12:00:00Z,true
C-0769,Starter,FR,29,12,2026-06-13T12:00:00Z,false
C-0770,Pro,BE,39,13,2026-06-14T12:00:00Z,true
C-0771,Team,DE,49,14,2026-06-15T12:00:00Z,true
C-0772,Starter,DE,59,15,2026-06-16T12:00:00Z,false
C-0773,Pro,DE,69,16,2026-06-17T12:00:00Z,true
C-0774,Team,DE,79,17,2026-06-18T12:00:00Z,true
C-0775,Starter,DE,89,18,2026-06-19T12:00:00Z,false
C-0776,Pro,DE,99,19,2026-06-20T12:00:00Z,true
C-0777,Team,NL,109,20,2026-06-21T12:00:00Z,true
C-0778,Starter,NL,not-recorded,21,2026-06-22T12:00:00Z,false
C-0779,Pro,FR,129,22,2026-06-23T12:00:00Z,true
C-0780,Team,BE,139,23,2026-06-24T12:00:00Z,true
C-0781,Starter,DE,29,24,2026-06-25T12:00:00Z,false
C-0782,Pro,DE,39,25,2026-06-26T12:00:00Z,true
C-0783,Team,DE,49,26,2026-06-27T12:00:00Z,true
C-0784,Starter,DE,59,27,2026-06-28T12:00:00Z,false
C-0785,Pro,DE,69,0,2026-06-01T12:00:00Z,true
C-0786,Team,DE,79,1,2026-06-02T12:00:00Z,true
C-0787,Starter,NL,89,2,2026-06-03T12:00:00Z,false
C-0788,Pro,NL,99,3,2026-06-04T12:00:00Z,true
C-0789,Team,FR,109,4,2026-06-05T12:00:00Z,true
C-0790,Starter,BE,119,5,2026-06-06T12:00:00Z,false
C-0791,Pro,DE,129,6,2026-06-07T12:00:00Z,true
C-0792,Team,DE,139,7,2026-06-08T12:00:00Z,true
C-0793,Starter,DE,29,8,2026-06-09T12:00:00Z,false
C-0794,Pro,DE,39,9,2026-06-10T12:00:00Z,true
C-0795,Team,DE,49,10,2026-06-11T12:00:00Z,true
C-0796,Starter,DE,59,11,2026-06-12T12:00:00Z,false
C-0797,Pro,NL,69,12,2026-06-13T12:00:00Z,true
C-0798,Team,NL,79,13,2026-06-14T12:00:00Z,true
C-0799,Starter,FR,89,14,2026-06-15T12:00:00Z,false
C-0800,Pro,BE,99,15,2026-06-16T12:00:00Z,true
C-0801,Team,DE,,16,2026-06-17T12:00:00Z,true
C-0802,Starter,DE,119,17,2026-06-18T12:00:00Z,false
C-0803,Pro,DE,129,18,2026-06-19T12:00:00Z,true
C-0804,Team,DE,139,19,2026-06-20T12:00:00Z,true
C-0805,Starter,DE,29,20,2026-06-21T12:00:00Z,false
C-0806,Pro,DE,39,21,2026-06-22T12:00:00Z,true
C-0807,Team,NL,49,22,2026-06-23T12:00:00Z,true
C-0808,Starter,NL,59,23,2026-06-24T12:00:00Z,false
C-0809,Pro,FR,69,24,2026-06-25T12:00:00Z,true
C-0810,Team,BE,79,25,2026-06-26T12:00:00Z,true
C-0811,Starter,DE,89,26,2026-06-27T12:00:00Z,false
C-0812,Pro,DE,99,27,2026-06-28T12:00:00Z,true
C-0813,Team,DE,109,0,2026-06-01T12:00:00Z,true
C-0814,Starter,DE,119,1,2026-06-02T12:00:00Z,false
C-0815,Pro,DE,129,2,2026-06-03T12:00:00Z,true
C-0816,Team,DE,139,3,2026-06-04T12:00:00Z,true
C-0817,Starter,NL,29,4,2026-06-05T12:00:00Z,false
C-0818,Pro,NL,39,5,2026-06-06T12:00:00Z,true
C-0819,Team,FR,49,6,2026-06-07T12:00:00Z,true
C-0820,Starter,BE,59,7,2026-06-08T12:00:00Z,false
C-0821,Pro,DE,69,8,2026-06-09T12:00:00Z,true
C-0822,Team,DE,79,9,2026-06-10T12:00:00Z,true
C-0823,Starter,DE,89,10,2026-06-11T12:00:00Z,false
C-0824,Pro,DE,99,11,2026-06-12T12:00:00Z,true
C-0825,Team,DE,109,12,2026-06-13T12:00:00Z,true
C-0826,Starter,DE,119,13,2026-06-14T12:00:00Z,false
C-0827,Pro,NL,129,14,2026-06-15T12:00:00Z,true
C-0828,Team,NL,139,15,2026-06-16T12:00:00Z,true
C-0829,Starter,FR,29,16,2026-06-17T12:00:00Z,false
C-0830,Pro,BE,39,17,2026-06-18T12:00:00Z,true
C-0831,Team,DE,49,18,2026-06-19T12:00:00Z,true
C-0832,Starter,DE,59,19,2026-06-20T12:00:00Z,false
C-0833,Pro,DE,69,20,2026-06-21T12:00:00Z,true
C-0834,Team,DE,79,21,2026-06-22T12:00:00Z,true
C-0835,Starter,DE,89,22,2026-06-23T12:00:00Z,false
C-0836,Pro,DE,99,23,2026-06-24T12:00:00Z,true
C-0837,Team,NL,109,24,2026-06-25T12:00:00Z,true
C-0838,Starter,NL,119,25,2026-06-26T12:00:00Z,false
C-0839,Pro,FR,129,26,2026-06-27T12:00:00Z,true
C-0840,Team,BE,139,27,2026-06-28T12:00:00Z,true
C-0841,Starter,DE,,0,2026-06-01T12:00:00Z,false
C-0842,Pro,DE,39,1,2026-06-02T12:00:00Z,true
C-0843,Team,DE,49,2,2026-06-03T12:00:00Z,true
C-0844,Starter,DE,59,3,2026-06-04T12:00:00Z,false
C-0845,Pro,DE,69,4,2026-06-05T12:00:00Z,true
C-0846,Team,DE,79,5,2026-06-06T12:00:00Z,true
C-0847,Starter,NL,89,6,2026-06-07T12:00:00Z,false
C-0848,Pro,NL,99,7,2026-06-08T12:00:00Z,true
C-0849,Team,FR,109,8,2026-06-09T12:00:00Z,true
C-0850,Starter,BE,119,9,2026-06-10T12:00:00Z,false
C-0851,Pro,DE,129,10,2026-06-11T12:00:00Z,true
C-0852,Team,DE,139,11,2026-06-12T12:00:00Z,true
C-0853,Starter,DE,29,12,2026-06-13T12:00:00Z,false
C-0854,Pro,DE,39,13,2026-06-14T12:00:00Z,true
C-0855,Team,DE,49,14,2026-06-15T12:00:00Z,true
C-0856,Starter,DE,59,15,2026-06-16T12:00:00Z,false
C-0857,Pro,NL,69,16,2026-06-17T12:00:00Z,true
C-0858,Team,NL,79,17,2026-06-18T12:00:00Z,true
C-0859,Starter,FR,89,18,2026-06-19T12:00:00Z,false
C-0860,Pro,BE,99,19,2026-06-20T12:00:00Z,true
C-0861,Team,DE,109,20,2026-06-21T12:00:00Z,true
C-0862,Starter,DE,119,21,2026-06-22T12:00:00Z,false
C-0863,Pro,DE,129,22,2026-06-23T12:00:00Z,true
C-0864,Team,DE,139,23,2026-06-24T12:00:00Z,true
C-0865,Starter,DE,29,24,2026-06-25T12:00:00Z,false
C-0866,Pro,DE,39,25,2026-06-26T12:00:00Z,true
C-0867,Team,NL,49,26,2026-06-27T12:00:00Z,true
C-0868,Starter,NL,59,27,2026-06-28T12:00:00Z,false
C-0869,Pro,FR,69,0,2026-06-01T12:00:00Z,true
C-0870,Team,BE,79,1,2026-06-02T12:00:00Z,true
C-0871,Starter,DE,89,2,2026-06-03T12:00:00Z,false
C-0872,Pro,DE,99,3,2026-06-04T12:00:00Z,true
C-0873,Team,DE,109,4,2026-06-05T12:00:00Z,true
C-0874,Starter,DE,119,5,2026-06-06T12:00:00Z,false
C-0875,Pro,DE,129,6,2026-06-07T12:00:00Z,true
C-0876,Team,DE,139,7,2026-06-08T12:00:00Z,true
C-0877,Starter,NL,29,8,2026-06-09T12:00:00Z,false
C-0878,Pro,NL,39,9,2026-06-10T12:00:00Z,true
C-0879,Team,FR,49,10,2026-06-11T12:00:00Z,true
C-0880,Starter,BE,59,11,2026-06-12T12:00:00Z,false
C-0881,Pro,DE,,12,2026-06-13T12:00:00Z,true
C-0882,Team,DE,79,13,2026-06-14T12:00:00Z,true
C-0883,Starter,DE,89,14,2026-06-15T12:00:00Z,false
C-0884,Pro,DE,99,15,2026-06-16T12:00:00Z,true
C-0885,Team,DE,109,16,2026-06-17T12:00:00Z,true
C-0886,Starter,DE,119,17,2026-06-18T12:00:00Z,false
C-0887,Pro,NL,129,18,2026-06-19T12:00:00Z,true
C-0888,Team,NL,139,19,2026-06-20T12:00:00Z,true
C-0889,Starter,FR,29,20,2026-06-21T12:00:00Z,false
C-0890,Pro,BE,39,21,2026-06-22T12:00:00Z,true
C-0891,Team,DE,49,22,2026-06-23T12:00:00Z,true
C-0892,Starter,DE,59,23,2026-06-24T12:00:00Z,false
C-0893,Pro,DE,69,24,2026-06-25T12:00:00Z,true
C-0894,Team,DE,79,25,2026-06-26T12:00:00Z,true
C-0895,Starter,DE,89,26,2026-06-27T12:00:00Z,false
C-0896,Pro,DE,99,27,2026-06-28T12:00:00Z,true
C-0897,Team,NL,109,0,2026-06-01T12:00:00Z,true
C-0898,Starter,NL,119,1,2026-06-02T12:00:00Z,false
C-0899,Pro,FR,129,2,2026-06-03T12:00:00Z,true
C-0900,Team,BE,139,3,2026-06-04T12:00:00Z,true
C-0901,Starter,DE,29,4,2026-06-05T12:00:00Z,false
C-0902,Pro,DE,39,5,2026-06-06T12:00:00Z,true
C-0903,Team,DE,49,6,2026-06-07T12:00:00Z,true
C-0904,Starter,DE,59,7,2026-06-08T12:00:00Z,false
C-0905,Pro,DE,69,8,2026-06-09T12:00:00Z,true
C-0906,Team,DE,79,9,2026-06-10T12:00:00Z,true
C-0907,Starter,NL,89,10,2026-06-11T12:00:00Z,false
C-0908,Pro,NL,99,11,2026-06-12T12:00:00Z,true
C-0909,Team,FR,109,12,2026-06-13T12:00:00Z,true
C-0910,Starter,BE,119,13,2026-06-14T12:00:00Z,false
C-0911,Pro,DE,129,14,2026-06-15T12:00:00Z,true
C-0912,Team,DE,139,15,2026-06-16T12:00:00Z,true
C-0913,Starter,DE,29,16,2026-06-17T12:00:00Z,false
C-0914,Pro,DE,39,17,2026-06-18T12:00:00Z,true
C-0915,Team,DE,49,18,2026-06-19T12:00:00Z,true
C-0916,Starter,DE,59,19,2026-06-20T12:00:00Z,false
C-0917,Pro,NL,69,20,2026-06-21T12:00:00Z,true
C-0918,Team,NL,79,21,2026-06-22T12:00:00Z,true
C-0919,Starter,FR,89,22,2026-06-23T12:00:00Z,false
C-0920,Pro,BE,99,23,2026-06-24T12:00:00Z,true
C-0921,Team,DE,,24,2026-06-25T12:00:00Z,true
C-0922,Starter,DE,119,25,2026-06-26T12:00:00Z,false
C-0923,Pro,DE,129,26,2026-06-27T12:00:00Z,true
C-0924,Team,DE,139,27,2026-06-28T12:00:00Z,true
C-0925,Starter,DE,29,0,2026-06-01T12:00:00Z,false
C-0926,Pro,DE,39,1,2026-06-02T12:00:00Z,true
C-0927,Team,NL,49,2,2026-06-03T12:00:00Z,true
C-0928,Starter,NL,59,3,2026-06-04T12:00:00Z,false
C-0929,Pro,FR,69,4,2026-06-05T12:00:00Z,true
C-0930,Team,BE,79,5,2026-06-06T12:00:00Z,true
C-0931,Starter,DE,89,6,2026-06-07T12:00:00Z,false
C-0932,Pro,DE,99,7,2026-06-08T12:00:00Z,true
C-0933,Team,DE,109,8,2026-06-09T12:00:00Z,true
C-0934,Starter,DE,119,9,2026-06-10T12:00:00Z,false
C-0935,Pro,DE,129,10,2026-06-11T12:00:00Z,true
C-0936,Team,DE,139,11,2026-06-12T12:00:00Z,true
C-0937,Starter,NL,29,12,2026-06-13T12:00:00Z,false
C-0938,Pro,NL,39,13,2026-06-14T12:00:00Z,true
C-0939,Team,FR,49,14,2026-06-15T12:00:00Z,true
C-0940,Starter,BE,59,15,2026-06-16T12:00:00Z,false
C-0941,Pro,DE,69,16,2026-06-17T12:00:00Z,true
C-0942,Team,DE,79,17,2026-06-18T12:00:00Z,true
C-0943,Starter,DE,89,18,2026-06-19T12:00:00Z,false
C-0944,Pro,DE,99,19,2026-06-20T12:00:00Z,true
C-0945,Team,DE,109,20,2026-06-21T12:00:00Z,true
C-0946,Starter,DE,119,21,2026-06-22T12:00:00Z,false
C-0947,Pro,NL,129,22,2026-06-23T12:00:00Z,true
C-0948,Team,NL,139,23,2026-06-24T12:00:00Z,true
C-0949,Starter,FR,29,24,2026-06-25T12:00:00Z,false
C-0950,Pro,BE,39,25,2026-06-26T12:00:00Z,true
C-0951,Team,DE,49,26,2026-06-27T12:00:00Z,true
C-0952,Starter,DE,59,27,2026-06-28T12:00:00Z,false
C-0953,Pro,DE,69,0,2026-06-01T12:00:00Z,true
C-0954,Team,DE,79,1,2026-06-02T12:00:00Z,true
C-0955,Starter,DE,89,2,2026-06-03T12:00:00Z,false
C-0956,Pro,DE,99,3,2026-06-04T12:00:00Z,true
C-0957,Team,NL,109,4,2026-06-05T12:00:00Z,true
C-0958,Starter,NL,119,5,2026-06-06T12:00:00Z,false
C-0959,Pro,FR,129,6,2026-06-07T12:00:00Z,true
C-0960,Team,BE,139,7,2026-06-08T12:00:00Z,true
C-0961,Starter,DE,,8,2026-06-09T12:00:00Z,false
C-0962,Pro,DE,39,9,2026-06-10T12:00:00Z,true
C-0963,Team,DE,49,10,2026-06-11T12:00:00Z,true
C-0964,Starter,DE,59,11,2026-06-12T12:00:00Z,false
C-0965,Pro,DE,69,12,2026-06-13T12:00:00Z,true
C-0966,Team,DE,79,13,2026-06-14T12:00:00Z,true
C-0967,Starter,NL,89,14,2026-06-15T12:00:00Z,false
C-0968,Pro,NL,99,15,2026-06-16T12:00:00Z,true
C-0969,Team,FR,109,16,2026-06-17T12:00:00Z,true
C-0970,Starter,BE,119,17,2026-06-18T12:00:00Z,false
C-0971,Pro,DE,129,18,2026-06-19T12:00:00Z,true
C-0972,Team,DE,139,19,2026-06-20T12:00:00Z,true
C-0973,Starter,DE,29,20,2026-06-21T12:00:00Z,false
C-0974,Pro,DE,39,21,2026-06-22T12:00:00Z,true
C-0975,Team,DE,49,22,2026-06-23T12:00:00Z,true
C-0976,Starter,DE,59,23,2026-06-24T12:00:00Z,false
C-0977,Pro,NL,69,24,2026-06-25T12:00:00Z,true
C-0978,Team,NL,79,25,2026-06-26T12:00:00Z,true
C-0979,Starter,FR,89,26,2026-06-27T12:00:00Z,false
C-0980,Pro,BE,99,27,2026-06-28T12:00:00Z,true
C-0981,Team,DE,109,0,2026-06-01T12:00:00Z,true
C-0982,Starter,DE,119,1,2026-06-02T12:00:00Z,false
C-0983,Pro,DE,129,2,2026-06-03T12:00:00Z,true
C-0984,Team,DE,139,3,2026-06-04T12:00:00Z,true
C-0985,Starter,DE,29,4,2026-06-05T12:00:00Z,false
C-0986,Pro,DE,39,5,2026-06-06T12:00:00Z,true
C-0987,Team,NL,49,6,2026-06-07T12:00:00Z,true
C-0988,Starter,NL,59,7,2026-06-08T12:00:00Z,false
C-0989,Pro,FR,69,8,2026-06-09T12:00:00Z,true
C-0990,Team,BE,79,9,2026-06-10T12:00:00Z,true
C-0991,Starter,DE,89,10,2026-06-11T12:00:00Z,false
C-0992,Pro,DE,99,11,2026-06-12T12:00:00Z,true
C-0993,Team,DE,109,12,2026-06-13T12:00:00Z,true
C-0994,Starter,DE,119,13,2026-06-14T12:00:00Z,false
C-0995,Pro,DE,129,14,2026-06-15T12:00:00Z,true
C-0996,Team,DE,139,15,2026-06-16T12:00:00Z,true
C-0997,Starter,NL,29,16,2026-06-17T12:00:00Z,false
C-0998,Pro,NL,39,17,2026-06-18T12:00:00Z,true
C-0999,Team,FR,49,18,2026-06-19T12:00:00Z,true
C-1000,Starter,BE,59,19,2026-06-20T12:00:00Z,false
